{"cameraMode":{"drawMode":0,"name":"Shaded","section":"Shading Mode"},"sceneLighting":false,"audioPlay":false,"sceneViewState":{"m_AlwaysRefresh":false,"showFog":true,"showSkybox":true,"showFlares":true,"showImageEffects":true,"showParticleSystems":true,"showVisualEffectGraphs":true,"m_FxEnabled":true},"in2DMode":false,"pivot":{"x":-1.084630012512207,"y":1.4545800685882569,"z":3.495511054992676},"rotation":{"x":0.013250349089503289,"y":0.9730039238929749,"z":-0.22352832555770875,"w":0.0577726811170578},"size":0.24139049649238587,"orthographic":false}