{"cameraMode":{"drawMode":0,"name":"Shaded","section":"Shading Mode"},"sceneLighting":true,"audioPlay":false,"sceneViewState":{"m_AlwaysRefresh":false,"showFog":true,"showSkybox":true,"showFlares":true,"showImageEffects":true,"showParticleSystems":true,"showVisualEffectGraphs":true,"m_FxEnabled":true},"in2DMode":false,"pivot":{"x":-3.140791654586792,"y":-0.27845609188079836,"z":0.34379643201828005},"rotation":{"x":0.6818106770515442,"y":-0.03652091696858406,"z":0.03411924093961716,"w":0.7298245429992676},"size":12.36821460723877,"orthographic":true}